{
  "v": "5.3.4",
  "fr": 60,
  "ip": 0,
  "op": 89,
  "w": 64,
  "h": 64,
  "nm": "success tick",
  "ddd": 0,
  "assets": [],
  "layers": [
    {
      "ddd": 0,
      "ind": 2,
      "ty": 4,
      "nm": "Shape Layer 1",
      "sr": 1,
      "ks": {
        "o": { "a": 0, "k": 100, "ix": 11 },
        "r": { "a": 0, "k": 0, "ix": 10 },
        "p": { "a": 0, "k": [32.5, 31.25, 0], "ix": 2 },
        "a": { "a": 0, "k": [0, 0, 0], "ix": 1 },
        "s": { "a": 0, "k": [100, 100, 100], "ix": 6 }
      },
      "ao": 0,
      "shapes": [
        {
          "ty": "gr",
          "it": [
            {
              "ind": 0,
              "ty": "sh",
              "ix": 1,
              "ks": {
                "a": 0,
                "k": {
                  "i": [
                    [0, 0],
                    [0, 0],
                    [0, 0]
                  ],
                  "o": [
                    [0, 0],
                    [0, 0],
                    [0, 0]
                  ],
                  "v": [
                    [-14.688, 0.5],
                    [-5, 8.875],
                    [13.375, -10.375]
                  ],
                  "c": false
                },
                "ix": 2
              },
              "nm": "Path 1",
              "mn": "ADBE Vector Shape - Group",
              "hd": false
            },
            {
              "ty": "st",
              "c": { "a": 0, "k": [1, 1, 1, 1], "ix": 3 },
              "o": {
                "a": 1,
                "k": [
                  {
                    "i": { "x": [0.833], "y": [0.833] },
                    "o": { "x": [0.167], "y": [0.167] },
                    "n": ["0p833_0p833_0p167_0p167"],
                    "t": 37,
                    "s": [0],
                    "e": [100]
                  },
                  { "t": 70 }
                ],
                "ix": 4
              },
              "w": { "a": 0, "k": 4, "ix": 5 },
              "lc": 1,
              "lj": 1,
              "ml": 4,
              "ml2": { "a": 0, "k": 4, "ix": 8 },
              "nm": "Stroke 1",
              "mn": "ADBE Vector Graphic - Stroke",
              "hd": false
            },
            {
              "ty": "fl",
              "c": {
                "a": 0,
                "k": [0, 0.533333333333, 0.121568627451, 1],
                "ix": 4
              },
              "o": { "a": 0, "k": 0, "ix": 5 },
              "r": 1,
              "nm": "Fill 1",
              "mn": "ADBE Vector Graphic - Fill",
              "hd": false
            },
            {
              "ty": "tr",
              "p": { "a": 0, "k": [0, 0], "ix": 2 },
              "a": { "a": 0, "k": [0, 0], "ix": 1 },
              "s": { "a": 0, "k": [100, 100], "ix": 3 },
              "r": { "a": 0, "k": 0, "ix": 6 },
              "o": { "a": 0, "k": 100, "ix": 7 },
              "sk": { "a": 0, "k": 0, "ix": 4 },
              "sa": { "a": 0, "k": 0, "ix": 5 },
              "nm": "Transform"
            }
          ],
          "nm": "Shape 1",
          "np": 3,
          "cix": 2,
          "ix": 1,
          "mn": "ADBE Vector Group",
          "hd": false
        },
        {
          "ty": "gr",
          "it": [
            {
              "d": 1,
              "ty": "el",
              "s": {
                "a": 1,
                "k": [
                  {
                    "i": { "x": [0.614, 0.614], "y": [1.102, 1.102] },
                    "o": { "x": [0.167, 0.167], "y": [0.167, 0.167] },
                    "n": ["0p614_1p102_0p167_0p167", "0p614_1p102_0p167_0p167"],
                    "t": 0,
                    "s": [32, 32],
                    "e": [62, 62]
                  },
                  {
                    "i": { "x": [0.833, 0.833], "y": [1, 1] },
                    "o": { "x": [0.167, 0.167], "y": [0, 0] },
                    "n": ["0p833_1_0p167_0", "0p833_1_0p167_0"],
                    "t": 36,
                    "s": [62, 62],
                    "e": [56, 56]
                  },
                  { "t": 56 }
                ],
                "ix": 2
              },
              "p": { "a": 0, "k": [0, 0], "ix": 3 },
              "nm": "Ellipse Path 1",
              "mn": "ADBE Vector Shape - Ellipse",
              "hd": false
            },
            {
              "ty": "st",
              "c": { "a": 0, "k": [1, 1, 1, 1], "ix": 3 },
              "o": { "a": 0, "k": 100, "ix": 4 },
              "w": { "a": 0, "k": 0, "ix": 5 },
              "lc": 1,
              "lj": 1,
              "ml": 4,
              "ml2": { "a": 0, "k": 4, "ix": 8 },
              "nm": "Stroke 1",
              "mn": "ADBE Vector Graphic - Stroke",
              "hd": false
            },
            {
              "ty": "fl",
              "c": {
                "a": 0,
                "k": [0, 0.533333333333, 0.121568627451, 1],
                "ix": 4
              },
              "o": { "a": 0, "k": 100, "ix": 5 },
              "r": 1,
              "nm": "Fill 1",
              "mn": "ADBE Vector Graphic - Fill",
              "hd": false
            },
            {
              "ty": "tr",
              "p": { "a": 0, "k": [-1.128, 0.872], "ix": 2 },
              "a": { "a": 0, "k": [0, 0], "ix": 1 },
              "s": { "a": 0, "k": [100, 100], "ix": 3 },
              "r": { "a": 0, "k": 0, "ix": 6 },
              "o": { "a": 0, "k": 100, "ix": 7 },
              "sk": { "a": 0, "k": 0, "ix": 4 },
              "sa": { "a": 0, "k": 0, "ix": 5 },
              "nm": "Transform"
            }
          ],
          "nm": "Ellipse 1",
          "np": 3,
          "cix": 2,
          "ix": 2,
          "mn": "ADBE Vector Group",
          "hd": false
        }
      ],
      "ip": 0,
      "op": 780,
      "st": 0,
      "bm": 0
    }
  ],
  "markers": []
}
